,index,geometry,x,y,count
0,0,POINT (-0.1193159112493162 51.52961882177767),-0.11931591124931618,51.529618821777674,2
1,1,POINT (-0.1225450297728591 51.53172983197854),-0.12254502977285907,51.53172983197854,2
2,2,POINT (-0.1210240743186167 51.53085119152772),-0.1210240743186167,51.53085119152772,6
3,3,POINT (-0.121742279076665 51.5305659408637),-0.12174227907666503,51.5305659408637,1
4,4,POINT (-0.1211426911547299 51.53042145123162),-0.12114269115472992,51.530421451231625,2
5,5,POINT (-0.1187161734174738 51.52772977015012),-0.1187161734174738,51.527729770150124,1
6,6,POINT (-0.1188524661115846 51.52792079868121),-0.1188524661115846,51.52792079868121,1
7,7,POINT (-0.1191080568048405 51.52817309057626),-0.11910805680484048,51.52817309057626,4
8,8,POINT (-0.1195620376603374 51.52871902045804),-0.11956203766033742,51.52871902045804,2
9,9,POINT (-0.1176387821626631 51.52903438521023),-0.11763878216266312,51.52903438521023,3
10,10,POINT (-0.1173846869393179 51.52855370432252),-0.11738468693931794,51.52855370432252,1
11,11,POINT (-0.1201035537547337 51.52939764196163),-0.12010355375473365,51.52939764196163,4
12,12,POINT (-0.1253556769777799 51.54157659824067),-0.1253556769777799,51.54157659824067,3
13,13,POINT (-0.1257159881213141 51.54228376906511),-0.12571598812131413,51.542283769065115,2
14,14,POINT (-0.1257640349830129 51.5425183412387),-0.1257640349830129,51.5425183412387,3
15,15,POINT (-0.1259262826326685 51.54313242200535),-0.1259262826326685,51.54313242200535,3
16,16,POINT (-0.1259769832321253 51.54342881479089),-0.1259769832321253,51.543428814790886,3
17,17,POINT (-0.1263672285372313 51.54503687841694),-0.12636722853723129,51.545036878416944,4
18,18,POINT (-0.123579733161007 51.53882087396643),-0.12357973316100704,51.53882087396643,2
19,19,POINT (-0.1246157891412168 51.539488137722),-0.12461578914121677,51.539488137721996,2
20,20,POINT (-0.1250073820512047 51.54040542605812),-0.12500738205120465,51.54040542605812,1
21,21,POINT (-0.1253841215880306 51.52825017652906),-0.12538412158803058,51.528250176529056,1
22,22,POINT (-0.1245850549536624 51.52734714586448),-0.12458505495366236,51.52734714586448,1
23,23,POINT (-0.1271288375879995 51.52754066087309),-0.1271288375879995,51.527540660873086,1
24,24,POINT (-0.1275238461784374 51.5279413781501),-0.1275238461784374,51.5279413781501,1
25,25,POINT (-0.1257288046821748 51.52863336954571),-0.12572880468217484,51.52863336954571,3
26,26,POINT (-0.1275320391305639 51.52858501228847),-0.12753203913056393,51.528585012288474,3
27,27,POINT (-0.1262210052321468 51.52913181885998),-0.1262210052321468,51.52913181885998,14
28,28,POINT (-0.1229773361591112 51.52928179688007),-0.1229773361591112,51.52928179688007,1
29,29,POINT (-0.1244076305313247 51.52981221184844),-0.12440763053132471,51.529812211848444,13
30,30,POINT (-0.1257554991685364 51.52928224538002),-0.12575549916853643,51.52928224538002,2
31,31,POINT (-0.1255800975360838 51.5293511129554),-0.12558009753608385,51.5293511129554,1
32,32,POINT (-0.1238987771041701 51.53004705199496),-0.12389877710417012,51.530047051994956,9
33,33,POINT (-0.1278422722256449 51.53241959887971),-0.1278422722256449,51.53241959887971,2
34,34,POINT (-0.1272429233561529 51.53147777992874),-0.12724292335615286,51.531477779928736,1
35,35,POINT (-0.1255097051894733 51.5320581693397),-0.12550970518947333,51.5320581693397,3
36,36,POINT (-0.124616031985252 51.53472895516258),-0.124616031985252,51.534728955162585,1
37,37,POINT (-0.1232431850722393 51.5303511226849),-0.12324318507223926,51.5303511226849,4
38,38,POINT (-0.1229991187818319 51.53045575710475),-0.12299911878183194,51.53045575710475,2
39,39,POINT (-0.1224204689196748 51.53335548097689),-0.12242046891967484,51.53335548097689,2
40,40,POINT (-0.122558734854663 51.53059771540655),-0.12255873485466302,51.53059771540655,13
41,41,POINT (-0.122452257201957 51.53293334227009),-0.12245225720195703,51.53293334227009,2
42,42,POINT (-0.1270707933624416 51.53400300201162),-0.12707079336244156,51.53400300201162,2
43,43,POINT (-0.1296814743792641 51.53421820999663),-0.1296814743792641,51.53421820999663,2
44,44,POINT (-0.128728258248962 51.53350618019557),-0.12872825824896203,51.533506180195566,3
45,45,POINT (-0.1255398040614169 51.53523192216952),-0.12553980406141693,51.53523192216952,2
46,46,POINT (-0.1224455318750021 51.53696520070847),-0.12244553187500205,51.536965200708465,7
47,47,POINT (-0.1088644417525736 51.52159132252404),-0.10886444175257362,51.52159132252404,1
48,48,POINT (-0.1075863613523657 51.52077936618593),-0.10758636135236567,51.520779366185934,1
49,49,POINT (-0.1062883011734541 51.52114509519421),-0.10628830117345409,51.521145095194214,3
50,50,POINT (-0.1093660205931839 51.52202070843698),-0.10936602059318386,51.52202070843698,2
51,51,POINT (-0.1082673824768056 51.5220852764505),-0.10826738247680556,51.5220852764505,3
52,52,POINT (-0.1071033280428932 51.51800187064394),-0.1071033280428932,51.51800187064394,2
53,53,POINT (-0.1116810118838291 51.51886789998137),-0.11168101188382915,51.51886789998137,1
54,54,POINT (-0.1121401156931522 51.51968299944698),-0.11214011569315224,51.51968299944698,2
55,55,POINT (-0.1085714761768467 51.52066036783326),-0.10857147617684669,51.52066036783326,1
56,56,POINT (-0.1127939522037497 51.52068341886418),-0.11279395220374973,51.52068341886418,1
57,57,POINT (-0.1119007683256092 51.5224135950265),-0.1119007683256092,51.5224135950265,1
58,58,POINT (-0.1099539690887278 51.52312862128368),-0.10995396908872779,51.52312862128368,1
59,59,POINT (-0.1164152021941882 51.52479725415036),-0.11641520219418816,51.524797254150364,2
60,60,POINT (-0.1162318985859674 51.5242927077934),-0.11623189858596741,51.5242927077934,3
61,61,POINT (-0.115928049334477 51.52437577451123),-0.11592804933447705,51.52437577451123,8
62,62,POINT (-0.1142765189430877 51.52548031477347),-0.11427651894308771,51.525480314773475,2
63,63,POINT (-0.114912779918284 51.52347819546379),-0.11491277991828397,51.52347819546379,4
64,64,POINT (-0.1142115004060345 51.52265759594673),-0.11421150040603452,51.52265759594673,4
65,65,POINT (-0.1133215723444174 51.52151921932589),-0.11332157234441745,51.52151921932589,8
66,66,POINT (-0.1147348290708377 51.5211552643243),-0.11473482907083772,51.5211552643243,6
67,67,POINT (-0.1102889570234962 51.52200096000052),-0.11028895702349624,51.52200096000052,5
68,68,POINT (-0.1145117096208838 51.52219481083108),-0.11451170962088375,51.52219481083108,1
69,69,POINT (-0.1130360810638625 51.5215943905904),-0.11303608106386251,51.5215943905904,1
70,70,POINT (-0.1134851492538454 51.52174666348619),-0.11348514925384537,51.52174666348619,2
71,71,POINT (-0.1125029108535707 51.52170172576779),-0.11250291085357073,51.52170172576779,2
72,72,POINT (-0.1108994110234439 51.52199784402261),-0.11089941102344386,51.52199784402261,2
73,73,POINT (-0.1096831924101374 51.52200918419048),-0.10968319241013742,51.52200918419048,3
74,74,POINT (-0.1165431100166254 51.52072272844561),-0.11654311001662541,51.520722728445605,6
75,75,POINT (-0.1165374358370885 51.51799187702498),-0.11653743583708853,51.517991877024976,5
76,76,POINT (-0.116124562297345 51.51996360229855),-0.11612456229734504,51.51996360229855,1
77,77,POINT (-0.1147568346465793 51.51817909143502),-0.1147568346465793,51.51817909143502,3
78,78,POINT (-0.1179590092855896 51.52091928117749),-0.11795900928558961,51.52091928117749,1
79,79,POINT (-0.1181617475050938 51.52124626479596),-0.11816174750509383,51.52124626479596,1
80,80,POINT (-0.1170203665248033 51.52410555394329),-0.11702036652480326,51.52410555394329,2
81,81,POINT (-0.1183586825882287 51.52381229218845),-0.11835868258822867,51.52381229218845,2
82,82,POINT (-0.1195179015724787 51.51876809364266),-0.11951790157247873,51.518768093642656,2
83,83,POINT (-0.1201047725440778 51.51954838506236),-0.12010477254407784,51.51954838506236,3
84,84,POINT (-0.1172895362152767 51.51967656155407),-0.11728953621527671,51.51967656155407,1
85,85,POINT (-0.1194561869463678 51.51989890306715),-0.11945618694636777,51.51989890306715,1
86,86,POINT (-0.1170655818235899 51.52056322647176),-0.1170655818235899,51.52056322647176,5
87,87,POINT (-0.1176628508052924 51.52041094754694),-0.11766285080529237,51.520410947546935,7
88,88,POINT (-0.1203381395147743 51.51459971699908),-0.12033813951477426,51.51459971699908,1
89,89,POINT (-0.1217726103660481 51.51486963173332),-0.12177261036604811,51.51486963173332,1
90,90,POINT (-0.1189336352011095 51.51532753669917),-0.11893363520110947,51.51532753669917,4
91,91,POINT (-0.1186769583285571 51.5149494205907),-0.1186769583285571,51.5149494205907,1
92,92,POINT (-0.1191165373951747 51.51559682859561),-0.1191165373951747,51.51559682859561,4
93,93,POINT (-0.120973110230485 51.51620129862644),-0.12097311023048501,51.51620129862644,1
94,94,POINT (-0.1196178039145884 51.51638802511557),-0.11961780391458844,51.51638802511557,10
95,95,POINT (-0.1198372736083987 51.51665853150956),-0.11983727360839869,51.516658531509556,5
96,96,POINT (-0.1218806345760186 51.51739412424171),-0.12188063457601858,51.51739412424171,3
97,97,POINT (-0.1174353037769195 51.51788938863871),-0.11743530377691955,51.51788938863871,3
98,98,POINT (-0.1213144454506575 51.51749296709309),-0.12131444545065752,51.51749296709309,2
99,99,POINT (-0.12042951735557 51.51763166255513),-0.12042951735557005,51.51763166255513,9
100,100,POINT (-0.1191629788808661 51.51779327850737),-0.1191629788808661,51.51779327850737,4
101,101,POINT (-0.1223271249249243 51.51845339774262),-0.12232712492492433,51.51845339774262,7
102,102,POINT (-0.122378808828487 51.52398156527473),-0.12237880882848705,51.52398156527473,3
103,103,POINT (-0.1180432495736353 51.5265679341213),-0.11804324957363534,51.526567934121296,2
104,104,POINT (-0.1225064268626279 51.52565927258813),-0.12250642686262793,51.52565927258813,1
105,105,POINT (-0.1209619052396504 51.5267586047139),-0.12096190523965042,51.5267586047139,1
106,106,POINT (-0.1220527721975117 51.52652428399907),-0.12205277219751166,51.526524283999066,1
107,107,POINT (-0.1184351121643203 51.52720369641589),-0.11843511216432029,51.52720369641589,4
108,108,POINT (-0.1201473495441473 51.52693439623182),-0.12014734954414731,51.526934396231816,5
109,109,POINT (-0.119860865972577 51.52698061239948),-0.11986086597257703,51.52698061239948,1
110,110,POINT (-0.1226825260587165 51.51719950424584),-0.12268252605871655,51.517199504245845,1
111,111,POINT (-0.126264201177291 51.5169966228174),-0.12626420117729104,51.5169966228174,4
112,112,POINT (-0.1258782145007938 51.5170299781381),-0.12587821450079384,51.517029978138105,4
113,113,POINT (-0.1253826385401225 51.51711715448854),-0.12538263854012255,51.51711715448854,2
114,114,POINT (-0.1250233388025132 51.51711658210341),-0.12502333880251315,51.517116582103405,4
115,115,POINT (-0.1232397730692708 51.51728998415713),-0.12323977306927077,51.51728998415713,1
116,116,POINT (-0.1237527887390879 51.5178377878674),-0.12375278873908793,51.5178377878674,11
117,117,POINT (-0.1231932298191284 51.51807158869095),-0.12319322981912845,51.51807158869095,3
118,118,POINT (-0.1227969286223827 51.51824509715926),-0.12279692862238273,51.51824509715926,4
119,119,POINT (-0.1250132198623109 51.51481842665683),-0.1250132198623109,51.51481842665683,3
120,120,POINT (-0.1235548136350216 51.51558644552543),-0.12355481363502158,51.51558644552543,2
121,121,POINT (-0.1268573026366282 51.51546145130627),-0.1268573026366282,51.515461451306265,1
122,122,POINT (-0.1244788560024515 51.51624868658475),-0.12447885600245147,51.51624868658475,3
123,123,POINT (-0.1260521451171215 51.51584219260726),-0.12605214511712148,51.51584219260726,2
124,124,POINT (-0.1254701045717886 51.51597677220995),-0.12547010457178862,51.51597677220995,2
125,125,POINT (-0.126409671363562 51.51626156013659),-0.126409671363562,51.51626156013659,3
126,126,POINT (-0.1265835975251659 51.51588665250481),-0.1265835975251659,51.51588665250481,4
127,127,POINT (-0.1260872793243874 51.51674200583772),-0.12608727932438737,51.51674200583772,3
128,128,POINT (-0.1240827533260209 51.51646698525644),-0.12408275332602092,51.51646698525644,3
129,129,POINT (-0.1245536646024182 51.51636786465154),-0.12455366460241817,51.516367864651535,1
130,130,POINT (-0.1255690967057899 51.51674271841182),-0.12556909670578995,51.51674271841182,1
131,131,POINT (-0.1263725571790826 51.5133024279578),-0.12637255717908263,51.5133024279578,2
132,132,POINT (-0.1270239501658218 51.51377405833905),-0.12702395016582177,51.51377405833905,1
133,133,POINT (-0.1257795187120027 51.51440802570476),-0.12577951871200266,51.51440802570476,1
134,134,POINT (-0.125221930880329 51.5139825807242),-0.12522193088032904,51.5139825807242,1
135,135,POINT (-0.1261600116468505 51.51822882160175),-0.12616001164685053,51.518228821601745,1
136,136,POINT (-0.1238536079626802 51.51918823337547),-0.12385360796268019,51.519188233375466,4
137,137,POINT (-0.1210865120407798 51.51897757841039),-0.12108651204077982,51.518977578410386,11
138,138,POINT (-0.1244693025818724 51.51893729701224),-0.12446930258187237,51.51893729701224,3
139,139,POINT (-0.1205586795957157 51.51927333888288),-0.12055867959571571,51.519273338882876,3
140,140,POINT (-0.1252470780029874 51.52102916028482),-0.12524707800298737,51.52102916028482,2
141,141,POINT (-0.1233697640302422 51.51938732103948),-0.12336976403024222,51.51938732103948,3
142,142,POINT (-0.1241452983841992 51.52149057636647),-0.12414529838419923,51.521490576366475,3
143,143,POINT (-0.1268528495685713 51.52095553734208),-0.12685284956857126,51.52095553734208,1
144,144,POINT (-0.1263640012415494 51.52056698667043),-0.12636400124154937,51.52056698667043,2
145,145,POINT (-0.1208831788275059 51.52166758060964),-0.12088317882750588,51.521667580609645,1
146,146,POINT (-0.1249292579891506 51.52216217251221),-0.12492925798915057,51.52216217251221,2
147,147,POINT (-0.1257802776631834 51.52281604039748),-0.12578027766318342,51.52281604039748,11
148,148,POINT (-0.1268937394671189 51.52237242082393),-0.12689373946711893,51.522372420823935,2
149,149,POINT (-0.1250057052628658 51.52307343671831),-0.12500570526286575,51.52307343671831,4
150,150,POINT (-0.1269634573765291 51.52384210069791),-0.1269634573765291,51.52384210069791,6
151,151,POINT (-0.1206145381799839 51.52329092211432),-0.12061453817998387,51.52329092211432,3
152,152,POINT (-0.1241616804337187 51.52326676970693),-0.12416168043371867,51.52326676970693,2
153,153,POINT (-0.1194962328997482 51.52353863773897),-0.11949623289974816,51.52353863773897,2
154,154,POINT (-0.1258420219306148 51.52412094081227),-0.12584202193061478,51.52412094081227,2
155,155,POINT (-0.1266983107302138 51.52519555517637),-0.12669831073021384,51.525195555176374,2
156,156,POINT (-0.1248092249287025 51.52434723226386),-0.12480922492870246,51.524347232263864,2
157,157,POINT (-0.1255464501780869 51.52567731721279),-0.12554645017808685,51.52567731721279,4
158,158,POINT (-0.1279087860557566 51.52469349512413),-0.1279087860557566,51.524693495124126,8
159,159,POINT (-0.123753461145314 51.52611041674947),-0.12375346114531403,51.52611041674947,4
160,160,POINT (-0.1259558921957808 51.52626297677175),-0.12595589219578077,51.526262976771754,2
161,161,POINT (-0.124214162524108 51.52690058263366),-0.12421416252410795,51.52690058263366,2
162,162,POINT (-0.1288536568735089 51.51351900910044),-0.12885365687350894,51.51351900910044,1
163,163,POINT (-0.1282626925252585 51.51395309079284),-0.1282626925252585,51.51395309079284,3
164,164,POINT (-0.1278454111320702 51.51428814666096),-0.12784541113207015,51.51428814666096,1
165,165,POINT (-0.1270038258111829 51.51512899972676),-0.12700382581118294,51.515128999726755,3
166,166,POINT (-0.1268503106886167 51.51503815167489),-0.12685031068861666,51.51503815167489,2
167,167,POINT (-0.1302264736981465 51.52829149257808),-0.1302264736981465,51.528291492578084,1
168,168,POINT (-0.1305920260108321 51.52711030909177),-0.13059202601083206,51.527110309091775,6
169,169,POINT (-0.130454176757445 51.52745589702257),-0.13045417675744503,51.52745589702257,1
170,170,POINT (-0.1303621807475148 51.52691438623225),-0.1303621807475148,51.52691438623225,3
171,171,POINT (-0.1296870504258987 51.52773435063389),-0.1296870504258987,51.52773435063389,11
172,172,POINT (-0.1291327029938078 51.52578313033961),-0.12913270299380783,51.52578313033961,4
173,173,POINT (-0.1285900427434099 51.5269092378113),-0.12859004274340988,51.5269092378113,1
174,174,POINT (-0.1285824998522659 51.52817256380085),-0.1285824998522659,51.52817256380085,9
175,175,POINT (-0.1278854677534914 51.52844623388958),-0.12788546775349144,51.52844623388958,7
176,176,POINT (-0.1284552743422084 51.51558380975017),-0.1284552743422084,51.51558380975017,3
177,177,POINT (-0.1267202339982275 51.51571797698958),-0.1267202339982275,51.51571797698958,3
178,178,POINT (-0.1286817160233172 51.51603704859058),-0.12868171602331718,51.51603704859058,1
179,179,POINT (-0.127932095841415 51.51709519579204),-0.12793209584141504,51.51709519579204,2
180,180,POINT (-0.1295001316694249 51.5165354292279),-0.12950013166942492,51.5165354292279,2
181,181,POINT (-0.126709957992142 51.51667101981512),-0.12670995799214196,51.51667101981512,1
182,182,POINT (-0.1289439151211886 51.51660614139907),-0.1289439151211886,51.51660614139907,5
183,183,POINT (-0.1269164280081495 51.51690812267802),-0.12691642800814945,51.516908122678025,8
184,184,POINT (-0.1298583393911363 51.54747558662579),-0.12985833939113625,51.547475586625794,1
185,185,POINT (-0.1292801051184555 51.54715612761174),-0.12928010511845547,51.547156127611736,1
186,186,POINT (-0.1315770815825931 51.54301572761192),-0.13157708158259307,51.54301572761192,1
187,187,POINT (-0.1316212661517409 51.5431693033864),-0.13162126615174088,51.5431693033864,1
188,188,POINT (-0.1299615987208253 51.5456607530876),-0.12996159872082527,51.5456607530876,1
189,189,POINT (-0.1309843158497962 51.53049288284769),-0.13098431584979617,51.53049288284769,1
190,190,POINT (-0.1299067725139952 51.53096732905442),-0.12990677251399518,51.53096732905442,1
191,191,POINT (-0.1334845847958178 51.53586505800665),-0.1334845847958178,51.53586505800665,1
192,192,POINT (-0.1331793899147477 51.53810490506978),-0.13317938991474768,51.53810490506978,1
193,193,POINT (-0.1327583396904629 51.53693844361641),-0.13275833969046294,51.536938443616414,1
194,194,POINT (-0.1330830473250103 51.53550823135497),-0.1330830473250103,51.535508231354974,2
195,195,POINT (-0.1326705607870526 51.53617304501343),-0.13267056078705258,51.53617304501343,1
196,196,POINT (-0.1331251699594932 51.55072290846206),-0.13312516995949317,51.550722908462056,1
197,197,POINT (-0.132315330088893 51.54974234025205),-0.13231533008889304,51.54974234025205,1
198,198,POINT (-0.1308376459326525 51.55066400564268),-0.13083764593265254,51.55066400564268,1
199,199,POINT (-0.1354357388771479 51.54652123387412),-0.13543573887714785,51.546521233874124,1
200,200,POINT (-0.1352015209597993 51.54761108501384),-0.13520152095979932,51.54761108501384,2
201,201,POINT (-0.1350839855284246 51.5484220456451),-0.13508398552842457,51.5484220456451,1
202,202,POINT (-0.1349348636185447 51.54924698182619),-0.13493486361854468,51.54924698182619,1
203,203,POINT (-0.133596960878158 51.54563771127275),-0.13359696087815798,51.54563771127275,8
204,204,POINT (-0.1314100804650478 51.54720140202829),-0.13141008046504776,51.547201402028286,1
205,205,POINT (-0.1305306144720087 51.54783035295617),-0.13053061447200867,51.54783035295617,10
206,206,POINT (-0.135874231338686 51.54199617743282),-0.135874231338686,51.54199617743282,1
207,207,POINT (-0.1347557141333148 51.54481084777183),-0.13475571413331483,51.544810847771835,9
208,208,POINT (-0.1350593085170493 51.54226388072133),-0.13505930851704934,51.54226388072133,2
209,209,POINT (-0.1318887811399148 51.54297572904863),-0.13188878113991478,51.54297572904863,1
210,210,POINT (-0.1323093063965044 51.54291947727483),-0.13230930639650437,51.54291947727483,1
211,211,POINT (-0.1361411742999301 51.53914063226398),-0.13614117429993008,51.53914063226398,5
212,212,POINT (-0.1351000020555704 51.53956471696532),-0.13510000205557038,51.539564716965316,1
213,213,POINT (-0.1317723445871114 51.54053691355608),-0.13177234458711137,51.54053691355608,1
214,214,POINT (-0.1356791892001166 51.54021238845812),-0.13567918920011662,51.54021238845812,1
215,215,POINT (-0.1328901645907614 51.54049284124326),-0.13289016459076136,51.54049284124326,1
216,216,POINT (-0.1355606810886205 51.54064214389004),-0.1355606810886205,51.54064214389004,1
217,217,POINT (-0.1370992572158288 51.53311578205806),-0.13709925721582877,51.53311578205806,6
218,218,POINT (-0.1363433422267602 51.53242646138257),-0.1363433422267602,51.53242646138257,4
219,219,POINT (-0.1350943000806116 51.53123758780856),-0.1350943000806116,51.53123758780856,2
220,220,POINT (-0.1347192327146224 51.53088990987327),-0.13471923271462238,51.530889909873274,3
221,221,POINT (-0.1338298121145813 51.53007543207908),-0.13382981211458125,51.53007543207908,4
222,222,POINT (-0.1366140693244687 51.55262785109724),-0.13661406932446868,51.55262785109724,1
223,223,POINT (-0.1347862618750948 51.5507643455746),-0.13478626187509485,51.5507643455746,5
224,224,POINT (-0.1345524752270787 51.55154297273091),-0.13455247522707875,51.55154297273091,1
225,225,POINT (-0.1354922068761178 51.55078455897481),-0.13549220687611782,51.55078455897481,2
226,226,POINT (-0.1359881141381703 51.55080188092089),-0.13598811413817027,51.550801880920886,1
227,227,POINT (-0.1400185559176164 51.5416571157398),-0.1400185559176164,51.5416571157398,1
228,228,POINT (-0.139921709748101 51.54049555177826),-0.13992170974810098,51.54049555177826,12
229,229,POINT (-0.1395097627838406 51.54069584625275),-0.13950976278384056,51.540695846252746,3
230,230,POINT (-0.139355769856896 51.53987508916552),-0.13935576985689604,51.53987508916552,4
231,231,POINT (-0.1384370736464452 51.54178436391565),-0.13843707364644517,51.54178436391565,9
232,232,POINT (-0.1380945716821926 51.54215715188159),-0.13809457168219255,51.54215715188159,3
233,233,POINT (-0.1379283894233267 51.54128224470244),-0.13792838942332675,51.541282244702444,1
234,234,POINT (-0.1377321778160087 51.54255606095816),-0.13773217781600872,51.542556060958155,3
235,235,POINT (-0.1375694655374847 51.54088987090684),-0.1375694655374847,51.54088987090684,10
236,236,POINT (-0.1369930807564466 51.53981960726973),-0.13699308075644656,51.53981960726973,2
237,237,POINT (-0.136778152814734 51.53989883473849),-0.13677815281473404,51.539898834738494,5
238,238,POINT (-0.1363780020930093 51.54181515940974),-0.13637800209300932,51.54181515940974,1
239,239,POINT (-0.1354473015519246 51.54165199524289),-0.13544730155192464,51.541651995242894,3
240,240,POINT (-0.1372465282417269 51.53325912283378),-0.13724652824172687,51.533259122833776,5
241,241,POINT (-0.1390868381342752 51.53452956305581),-0.13908683813427525,51.53452956305581,3
242,242,POINT (-0.1391744510833874 51.5343965153012),-0.13917445108338736,51.5343965153012,2
243,243,POINT (-0.1385716072966957 51.53454135193302),-0.13857160729669574,51.53454135193302,3
244,244,POINT (-0.1377052070830823 51.53509187902124),-0.13770520708308226,51.535091879021245,1
245,245,POINT (-0.1374209760670224 51.53472182216667),-0.1374209760670224,51.53472182216667,5
246,246,POINT (-0.1386842972494507 51.53618651539087),-0.1386842972494507,51.53618651539087,9
247,247,POINT (-0.1358722511615623 51.53513470622041),-0.13587225116156235,51.53513470622041,2
248,248,POINT (-0.136740616067723 51.53682110312459),-0.136740616067723,51.53682110312459,4
249,249,POINT (-0.1341895263833805 51.53528357764831),-0.1341895263833805,51.535283577648315,1
250,250,POINT (-0.1392103862222825 51.53601501191426),-0.13921038622228252,51.53601501191426,1
251,251,POINT (-0.1393905171583569 51.53548731290456),-0.1393905171583569,51.535487312904564,3
252,252,POINT (-0.1405189734184908 51.5336257778035),-0.14051897341849076,51.5336257778035,1
253,253,POINT (-0.1391372921817828 51.53191355157535),-0.13913729218178283,51.53191355157535,3
254,254,POINT (-0.1394109457339058 51.53251112631025),-0.13941094573390575,51.532511126310254,3
255,255,POINT (-0.139284609746424 51.53355854493545),-0.13928460974642404,51.533558544935445,1
256,256,POINT (-0.1389594856193142 51.53368197989649),-0.13895948561931418,51.533681979896485,1
257,257,POINT (-0.1378983905086288 51.53271481578416),-0.1378983905086288,51.53271481578416,2
258,258,POINT (-0.1399539600451798 51.53758250232642),-0.13995396004517976,51.537582502326416,3
259,259,POINT (-0.1405402659410898 51.53734900029995),-0.1405402659410898,51.537349000299955,2
260,260,POINT (-0.1355790352836017 51.53719382073954),-0.13557903528360168,51.53719382073954,1
261,261,POINT (-0.1347972137046516 51.53745458422419),-0.1347972137046516,51.537454584224186,3
262,262,POINT (-0.1408543826096741 51.53848703029847),-0.1408543826096741,51.53848703029847,1
263,263,POINT (-0.1383373880973099 51.53868091884768),-0.13833738809730992,51.53868091884768,1
264,264,POINT (-0.140146637585516 51.54381293192991),-0.14014663758551604,51.543812931929914,2
265,265,POINT (-0.1392181919806981 51.54354839879367),-0.13921819198069812,51.54354839879367,1
266,266,POINT (-0.1398181222501524 51.54338948391162),-0.13981812225015236,51.54338948391162,1
267,267,POINT (-0.1369833180328496 51.54323659142464),-0.13698331803284958,51.543236591424645,1
268,268,POINT (-0.1362107518478232 51.54379084598479),-0.1362107518478232,51.543790845984795,4
269,269,POINT (-0.1409849225490873 51.55297595389559),-0.14098492254908726,51.55297595389559,1
270,270,POINT (-0.1403936720679295 51.55420646331952),-0.14039367206792955,51.55420646331952,1
271,271,POINT (-0.1408522220717436 51.54986246232153),-0.1408522220717436,51.549862462321535,2
272,272,POINT (-0.1406852161820087 51.55087020803033),-0.14068521618200874,51.55087020803033,7
273,273,POINT (-0.1395090069048392 51.55291209302718),-0.13950900690483922,51.55291209302718,1
274,274,POINT (-0.1377066842293038 51.5527171386618),-0.13770668422930377,51.5527171386618,1
275,275,POINT (-0.1380093339971881 51.55085142134306),-0.13800933399718807,51.55085142134306,1
276,276,POINT (-0.1433430622248128 51.52959808567375),-0.1433430622248128,51.52959808567375,1
277,277,POINT (-0.1410784835822436 51.52853087273716),-0.14107848358224365,51.52853087273716,1
278,278,POINT (-0.1415619959550269 51.54731085735401),-0.14156199595502694,51.547310857354006,5
279,279,POINT (-0.1380812723375461 51.54707581972719),-0.13808127233754613,51.54707581972719,1
280,280,POINT (-0.1413079654858868 51.54803036626683),-0.14130796548588676,51.54803036626683,4
281,281,POINT (-0.1411489143546341 51.54859922710924),-0.14114891435463411,51.54859922710924,2
282,282,POINT (-0.1410896419393589 51.54884674956976),-0.14108964193935894,51.54884674956976,3
283,283,POINT (-0.1386797384170907 51.54866798914615),-0.13867973841709075,51.54866798914615,1
284,284,POINT (-0.1405783449645505 51.54879701217751),-0.14057834496455046,51.54879701217751,1
285,285,POINT (-0.1410101585623217 51.54917254582163),-0.14101015856232166,51.54917254582163,5
286,286,POINT (-0.1435869353844372 51.54663107322839),-0.1435869353844372,51.54663107322839,3
287,287,POINT (-0.1431430421988374 51.54283966160484),-0.14314304219883736,51.542839661604845,1
288,288,POINT (-0.1417143858174438 51.545694628536),-0.1417143858174438,51.545694628536005,5
289,289,POINT (-0.1418216603359629 51.54624046140668),-0.14182166033596294,51.54624046140668,1
290,290,POINT (-0.1420937388043361 51.54653612607759),-0.14209373880433607,51.54653612607759,1
291,291,POINT (-0.1417838617457732 51.54651332341576),-0.1417838617457732,51.54651332341576,7
292,292,POINT (-0.1418640268673907 51.54272948614224),-0.1418640268673907,51.542729486142235,4
293,293,POINT (-0.1415754048827697 51.54512707104869),-0.14157540488276973,51.54512707104869,2
294,294,POINT (-0.1433261533406849 51.53975814433591),-0.14332615334068494,51.53975814433591,2
295,295,POINT (-0.1436429818578368 51.54012285684254),-0.14364298185783683,51.540122856842544,5
296,296,POINT (-0.1425298008098778 51.53896975791501),-0.14252980080987784,51.53896975791501,9
297,297,POINT (-0.1424382678012539 51.53921326344547),-0.1424382678012539,51.53921326344547,9
298,298,POINT (-0.1422518179269833 51.54028967694821),-0.1422518179269833,51.540289676948206,2
299,299,POINT (-0.1421194633876034 51.54106093310559),-0.14211946338760342,51.54106093310559,4
300,300,POINT (-0.1417194882149462 51.53965761829862),-0.14171948821494623,51.53965761829862,3
301,301,POINT (-0.1408980362397174 51.54166206368121),-0.14089803623971736,51.54166206368121,1
302,302,POINT (-0.1406913841993086 51.54142498453871),-0.1406913841993086,51.541424984538715,3
303,303,POINT (-0.1451489084613276 51.5452903640147),-0.14514890846132764,51.545290364014704,1
304,304,POINT (-0.1440621539508691 51.54470665222654),-0.14406215395086913,51.544706652226544,1
305,305,POINT (-0.1441997305977567 51.5466422069205),-0.14419973059775673,51.546642206920495,1
306,306,POINT (-0.1441696849505771 51.54383608470224),-0.14416968495057708,51.543836084702235,2
307,307,POINT (-0.1442125320543046 51.54287510873451),-0.14421253205430457,51.54287510873451,2
308,308,POINT (-0.1439110987271675 51.54664663339451),-0.14391109872716745,51.54664663339451,1
309,309,POINT (-0.1435963199783011 51.53644469346215),-0.1435963199783011,51.53644469346215,2
310,310,POINT (-0.146316311183479 51.53679084086276),-0.14631631118347901,51.536790840862764,2
311,311,POINT (-0.1467353852497883 51.53707906116107),-0.1467353852497883,51.53707906116107,2
312,312,POINT (-0.1449344931979077 51.53779625268416),-0.1449344931979077,51.53779625268416,4
313,313,POINT (-0.1410977453294711 51.53711503859047),-0.14109774532947114,51.53711503859047,3
314,314,POINT (-0.1411801794806056 51.5372152620027),-0.1411801794806056,51.5372152620027,1
315,315,POINT (-0.1432639712348438 51.53774284732272),-0.1432639712348438,51.53774284732272,2
316,316,POINT (-0.1419934239674372 51.53813638474718),-0.14199342396743725,51.538136384747176,4
317,317,POINT (-0.1439818758580491 51.53852755988564),-0.14398187585804914,51.538527559885644,10
318,318,POINT (-0.1414593023253024 51.53912770692053),-0.14145930232530243,51.53912770692053,6
319,319,POINT (-0.144685759425545 51.53930305360666),-0.14468575942554504,51.53930305360666,1
320,320,POINT (-0.1430734381192212 51.53275557340353),-0.14307343811922124,51.532755573403534,1
321,321,POINT (-0.1462575300746329 51.53384923961738),-0.1462575300746329,51.53384923961738,1
322,322,POINT (-0.1429589501270893 51.53460863897762),-0.14295895012708934,51.534608638977616,1
323,323,POINT (-0.1410290717826427 51.53526150067649),-0.1410290717826427,51.53526150067649,1
324,324,POINT (-0.1466364775345703 51.53633337194213),-0.1466364775345703,51.536333371942135,3
325,325,POINT (-0.1460479809642519 51.53665382677807),-0.1460479809642519,51.53665382677807,2
326,326,POINT (-0.1449583448365175 51.53640459572382),-0.14495834483651748,51.536404595723816,1
327,327,POINT (-0.1464843020689706 51.53656180431085),-0.14648430206897062,51.53656180431085,1
328,328,POINT (-0.1460268783544688 51.53043070251258),-0.14602687835446876,51.53043070251258,1
329,329,POINT (-0.1462643231272434 51.53097400356328),-0.14626432312724336,51.53097400356328,2
330,330,POINT (-0.1451388064043432 51.5313518810463),-0.1451388064043432,51.5313518810463,1
331,331,POINT (-0.1452397898294435 51.53158809146517),-0.14523978982944347,51.531588091465174,1
332,332,POINT (-0.1457468222994787 51.53271036469409),-0.1457468222994787,51.53271036469409,1
333,333,POINT (-0.1472375473649028 51.53314640344839),-0.14723754736490277,51.53314640344839,3
334,334,POINT (-0.1490015339201837 51.54291551551111),-0.14900153392018367,51.54291551551111,8
335,335,POINT (-0.1473533959087885 51.54250156547623),-0.1473533959087885,51.54250156547623,5
336,336,POINT (-0.1479238708190158 51.5399449343219),-0.14792387081901576,51.5399449343219,1
337,337,POINT (-0.1465871963776886 51.54219271214058),-0.14658719637768863,51.54219271214058,1
338,338,POINT (-0.1458810446009859 51.54178161427059),-0.14588104460098592,51.54178161427059,3
339,339,POINT (-0.1460678043157522 51.54255319629554),-0.1460678043157522,51.542553196295536,1
340,340,POINT (-0.1456481949725114 51.54166863061017),-0.14564819497251139,51.54166863061017,4
341,341,POINT (-0.1468021002485292 51.54861671988286),-0.14680210024852924,51.54861671988286,1
342,342,POINT (-0.1451954599909669 51.54769208554968),-0.14519545999096686,51.54769208554968,2
343,343,POINT (-0.1475172987842757 51.54889841772394),-0.1475172987842757,51.54889841772394,1
344,344,POINT (-0.1462311891602397 51.54882351937029),-0.1462311891602397,51.548823519370295,1
345,345,POINT (-0.1496831413828361 51.55083836439524),-0.14968314138283614,51.55083836439524,3
346,346,POINT (-0.1485746710241662 51.55078490785852),-0.1485746710241662,51.55078490785852,1
347,347,POINT (-0.1441711731230264 51.54982508391469),-0.14417117312302644,51.54982508391469,1
348,348,POINT (-0.1437105507456581 51.5537175525348),-0.14371055074565806,51.5537175525348,2
349,349,POINT (-0.1422114237996217 51.54942537759318),-0.1422114237996217,51.54942537759318,1
350,350,POINT (-0.1428209299926608 51.55322984184229),-0.14282092999266077,51.55322984184229,1
351,351,POINT (-0.1410295071430649 51.5525899849114),-0.1410295071430649,51.5525899849114,1
352,352,POINT (-0.1419013749967342 51.55243293935874),-0.1419013749967342,51.55243293935874,2
353,353,POINT (-0.1410929972286762 51.55216483856611),-0.14109299722867616,51.552164838566114,2
354,354,POINT (-0.141143128982782 51.55166043686322),-0.14114312898278197,51.551660436863216,4
355,355,POINT (-0.1408891105907697 51.54966521283733),-0.14088911059076967,51.54966521283733,8
356,356,POINT (-0.1507473595353222 51.54593627507981),-0.15074735953532217,51.54593627507981,6
357,357,POINT (-0.149328728342728 51.54297661049831),-0.14932872834272798,51.54297661049831,3
358,358,POINT (-0.1491422237963224 51.54357814109843),-0.14914222379632242,51.54357814109843,2
359,359,POINT (-0.1486822700004109 51.54600262308622),-0.14868227000041087,51.54600262308622,2
360,360,POINT (-0.1479575989576384 51.54609010250913),-0.14795759895763838,51.546090102509126,1
361,361,POINT (-0.147091408817241 51.53624811582779),-0.14709140881724098,51.53624811582779,2
362,362,POINT (-0.1481438354017572 51.53517970298051),-0.14814383540175724,51.53517970298051,4
363,363,POINT (-0.1493433924229584 51.5378838728102),-0.14934339242295838,51.5378838728102,2
364,364,POINT (-0.1470816681796478 51.53560032445166),-0.14708166817964777,51.535600324451664,1
365,365,POINT (-0.147968360285579 51.53481372701618),-0.14796836028557897,51.53481372701618,2
366,366,POINT (-0.1474793534516976 51.53371791695983),-0.14747935345169758,51.53371791695983,1
367,367,POINT (-0.1468029912490367 51.53606429511744),-0.14680299124903673,51.53606429511744,4
368,368,POINT (-0.1301046696531081 51.51533053949309),-0.13010466965310807,51.515330539493085,1
369,369,POINT (-0.131175231603197 51.51744366688757),-0.13117523160319702,51.517443666887566,2
370,370,POINT (-0.1272743389711043 51.51731850103353),-0.12727433897110427,51.51731850103353,3
371,371,POINT (-0.1284440406078124 51.5176159390717),-0.12844404060781245,51.517615939071696,2
372,372,POINT (-0.1301204784967657 51.51785849725318),-0.1301204784967657,51.51785849725318,1
373,373,POINT (-0.1318784199184 51.51815268753624),-0.13187841991840002,51.518152687536244,3
374,374,POINT (-0.1271347772737632 51.51790977870361),-0.12713477727376316,51.51790977870361,1
375,375,POINT (-0.1276440805245352 51.51779201469323),-0.12764408052453524,51.51779201469323,5
376,376,POINT (-0.1267558460878578 51.51801163769262),-0.1267558460878578,51.51801163769262,1
377,377,POINT (-0.132280673536545 51.51856564487095),-0.13228067353654502,51.51856564487095,6
378,378,POINT (-0.1329542985792644 51.51923003478068),-0.13295429857926444,51.51923003478068,4
379,379,POINT (-0.1325185101406267 51.51943927710445),-0.13251851014062674,51.519439277104446,1
380,380,POINT (-0.132492627259572 51.51877530786831),-0.132492627259572,51.51877530786831,3
381,381,POINT (-0.1320900117627264 51.52115415933469),-0.1320900117627264,51.521154159334685,5
382,382,POINT (-0.130363499804274 51.52037128158265),-0.13036349980427397,51.52037128158265,2
383,383,POINT (-0.1300716718766252 51.52010584682808),-0.13007167187662524,51.52010584682808,1
384,384,POINT (-0.1288277395798801 51.5189414424047),-0.12882773957988009,51.5189414424047,1
385,385,POINT (-0.130193366712814 51.52135774546905),-0.13019336671281398,51.521357745469054,1
386,386,POINT (-0.129620551034866 51.5196790636034),-0.129620551034866,51.5196790636034,2
387,387,POINT (-0.1336956306380206 51.52202546239808),-0.13369563063802065,51.52202546239808,3
388,388,POINT (-0.1317768765320284 51.52278616782875),-0.13177687653202844,51.52278616782875,2
389,389,POINT (-0.1326420928011634 51.52245787036294),-0.13264209280116343,51.52245787036294,1
390,390,POINT (-0.132331037867543 51.52618480576039),-0.13233103786754302,51.52618480576039,1
391,391,POINT (-0.1310050798689135 51.52499744884484),-0.13100507986891355,51.52499744884484,1
392,392,POINT (-0.1310115024115327 51.52335138368933),-0.1310115024115327,51.52335138368933,1
393,393,POINT (-0.1307318436728681 51.52346409967507),-0.1307318436728681,51.52346409967507,2
394,394,POINT (-0.1299184323905755 51.52380786690279),-0.12991843239057546,51.52380786690279,2
395,395,POINT (-0.130311943064173 51.52364669955754),-0.13031194306417299,51.52364669955754,1
396,396,POINT (-0.130162618930698 51.52536350599657),-0.13016261893069803,51.525363505996566,3
397,397,POINT (-0.1297547490899685 51.52387638789634),-0.1297547490899685,51.523876387896344,1
398,398,POINT (-0.1289352744593272 51.52426924069098),-0.1289352744593272,51.524269240690984,6
399,399,POINT (-0.1364426543536912 51.52010832335797),-0.13644265435369124,51.52010832335797,1
400,400,POINT (-0.1362351938026752 51.51918779181279),-0.13623519380267515,51.51918779181279,3
401,401,POINT (-0.1361655640035281 51.5198341456051),-0.13616556400352814,51.519834145605095,1
402,402,POINT (-0.1357382594646088 51.51938051738244),-0.1357382594646088,51.51938051738244,2
403,403,POINT (-0.1352160011629732 51.52144579670316),-0.13521600116297325,51.52144579670316,5
404,404,POINT (-0.1341096382347088 51.52186289997788),-0.13410963823470884,51.52186289997788,1
405,405,POINT (-0.1352371518650975 51.51892013885222),-0.13523715186509747,51.518920138852216,2
406,406,POINT (-0.1346238864340915 51.51981863039617),-0.13462388643409146,51.51981863039617,2
407,407,POINT (-0.1338475769238282 51.52012101956745),-0.13384757692382818,51.520121019567455,4
408,408,POINT (-0.1351067489662597 51.52775769195981),-0.13510674896625968,51.52775769195981,2
409,409,POINT (-0.1360146813531385 51.5274124232608),-0.13601468135313846,51.5274124232608,1
410,410,POINT (-0.1336404333691385 51.52634399632024),-0.1336404333691385,51.526343996320236,15
411,411,POINT (-0.1323315047037989 51.52678991836269),-0.13233150470379892,51.52678991836269,5
412,412,POINT (-0.1324253572777229 51.52881211636977),-0.13242535727772295,51.52881211636977,1
413,413,POINT (-0.1314030786182523 51.52785249343875),-0.1314030786182523,51.52785249343875,4
414,414,POINT (-0.1308624890027239 51.52734765969194),-0.13086248900272393,51.52734765969194,14
415,415,POINT (-0.1366371472342429 51.52303118792948),-0.13663714723424292,51.52303118792948,6
416,416,POINT (-0.1355316863256173 51.52572656802111),-0.13553168632561732,51.52572656802111,4
417,417,POINT (-0.1360167760227936 51.52418415105897),-0.13601677602279363,51.52418415105897,1
418,418,POINT (-0.1360063040629313 51.52232253758017),-0.13600630406293135,51.52232253758017,3
419,419,POINT (-0.1353672786515021 51.52577404286968),-0.13536727865150208,51.52577404286968,3
420,420,POINT (-0.1354486378106524 51.52506519877116),-0.1354486378106524,51.52506519877116,1
421,421,POINT (-0.1342676754993405 51.52394951573834),-0.13426767549934052,51.52394951573834,1
422,422,POINT (-0.1343084093865488 51.51801511165353),-0.1343084093865488,51.518015111653526,1
423,423,POINT (-0.1381601654415902 51.52509921855984),-0.13816016544159024,51.52509921855984,12
424,424,POINT (-0.1378198538188925 51.52450954203827),-0.13781985381889253,51.524509542038274,5
425,425,POINT (-0.1369054248607651 51.5264284076468),-0.13690542486076512,51.5264284076468,1
426,426,POINT (-0.1383148924095057 51.52120816151079),-0.13831489240950567,51.52120816151079,1
427,427,POINT (-0.1385925684550234 51.52220731839547),-0.1385925684550234,51.52220731839547,3
428,428,POINT (-0.137801911204164 51.52141583847671),-0.13780191120416405,51.52141583847671,5
429,429,POINT (-0.13718311771208 51.52278222477509),-0.13718311771208,51.522782224775085,2
430,430,POINT (-0.1372505341365329 51.52370178899813),-0.13725053413653293,51.52370178899813,2
431,431,POINT (-0.1364097619153319 51.52204397603939),-0.13640976191533186,51.52204397603939,2
432,432,POINT (-0.1368038991065919 51.521880638835),-0.13680389910659188,51.521880638835,1
433,433,POINT (-0.1386477846588124 51.52718446033469),-0.13864778465881245,51.527184460334695,5
434,434,POINT (-0.1397064267221331 51.52938687804909),-0.13970642672213313,51.52938687804909,1
435,435,POINT (-0.1386475600466335 51.52772373634077),-0.13864756004663348,51.527723736340775,5
436,436,POINT (-0.1386571285732836 51.52937320031696),-0.13865712857328355,51.52937320031696,5
437,437,POINT (-0.1386481044833163 51.52855168336265),-0.1386481044833163,51.52855168336265,9
438,438,POINT (-0.1386545168677784 51.5290872877255),-0.13865451686777838,51.5290872877255,3
439,439,POINT (-0.140770084177962 51.52427757400172),-0.14077008417796202,51.52427757400172,1
440,440,POINT (-0.1399320544738641 51.52146303616188),-0.13993205447386414,51.52146303616188,2
441,441,POINT (-0.1395100398545853 51.52181559337632),-0.1395100398545853,51.52181559337632,2
442,442,POINT (-0.1429766546347376 51.52567039372477),-0.14297665463473763,51.52567039372477,1
443,443,POINT (-0.1409284773728304 51.52605160493617),-0.1409284773728304,51.52605160493617,1
444,444,POINT (-0.1386475576389864 51.52648304251711),-0.13864755763898637,51.52648304251711,6
445,445,POINT (-0.1380947445059106 51.52660376095587),-0.1380947445059106,51.52660376095587,2
446,446,POINT (-0.1432834935478427 51.52395705642168),-0.14328349354784267,51.52395705642168,1
447,447,POINT (-0.142902073898242 51.52394966946143),-0.14290207389824203,51.52394966946143,2
448,448,POINT (-0.1418917986959862 51.52410299882742),-0.1418917986959862,51.52410299882742,1
449,449,POINT (-0.1416195750347766 51.52416819822344),-0.1416195750347766,51.524168198223435,3
450,450,POINT (-0.1457606292483384 51.52527380297065),-0.14576062924833835,51.52527380297065,4
451,451,POINT (-0.1442743524747098 51.52566395336439),-0.1442743524747098,51.52566395336439,3
452,452,POINT (-0.1457843034047728 51.52611047815048),-0.14578430340477277,51.52611047815048,3
453,453,POINT (-0.1457853704603072 51.52679392367114),-0.14578537046030715,51.526793923671136,1
454,454,POINT (-0.1458130612379946 51.52753174484592),-0.14581306123799456,51.52753174484592,3
455,455,POINT (-0.1448214158588716 51.52768611365507),-0.14482141585887162,51.527686113655065,1
456,456,POINT (-0.1458219920691995 51.52766677322401),-0.14582199206919955,51.527666773224006,6
457,457,POINT (-0.1443429444609244 51.52771055873328),-0.14434294446092438,51.527710558733276,2
458,458,POINT (-0.144359033950803 51.52853812156579),-0.14435903395080302,51.528538121565795,1
459,459,POINT (-0.1443738502730936 51.52924453544232),-0.14437385027309363,51.529244535442324,1
460,460,POINT (-0.1533592053476522 51.54964183590032),-0.15335920534765224,51.54964183590032,1
461,461,POINT (-0.1523601404816466 51.54955866339952),-0.15236014048164664,51.549558663399516,1
462,462,POINT (-0.1530395766335754 51.54916470140569),-0.1530395766335754,51.54916470140569,5
463,463,POINT (-0.1521835276133784 51.54964580636574),-0.15218352761337836,51.54964580636574,1
464,464,POINT (-0.1513970489129001 51.54685169378725),-0.15139704891290012,51.546851693787254,3
465,465,POINT (-0.1516343192132953 51.54718221768292),-0.15163431921329534,51.54718221768292,1
466,466,POINT (-0.1511838088776741 51.54655464027038),-0.15118380887767408,51.54655464027038,1
467,467,POINT (-0.1509306178735367 51.55030949248896),-0.15093061787353673,51.550309492488964,2
468,468,POINT (-0.1536284597757891 51.54993832789231),-0.1536284597757891,51.549938327892306,1
469,469,POINT (-0.1535343567156689 51.55190619119225),-0.15353435671566892,51.55190619119225,1
470,470,POINT (-0.15142585254152 51.55339271119256),-0.15142585254152,51.553392711192565,1
471,471,POINT (-0.152365495973385 51.55227446489535),-0.152365495973385,51.55227446489535,1
472,472,POINT (-0.1516730488789384 51.55263224837132),-0.15167304887893837,51.552632248371324,2
473,473,POINT (-0.1514908425409619 51.55320930021792),-0.1514908425409619,51.553209300217915,1
474,474,POINT (-0.1558778435226539 51.5456753186607),-0.15587784352265394,51.5456753186607,4
475,475,POINT (-0.1549056997788943 51.54346695589717),-0.15490569977889426,51.54346695589717,1
476,476,POINT (-0.1549143967197874 51.54390439542242),-0.15491439671978738,51.54390439542242,4
477,477,POINT (-0.1526284682601309 51.54385673187924),-0.15262846826013085,51.54385673187924,2
478,478,POINT (-0.1534462779254209 51.54583850327143),-0.15344627792542093,51.54583850327143,1
479,479,POINT (-0.1529564893684701 51.54397960781461),-0.1529564893684701,51.54397960781461,3
480,480,POINT (-0.152235190578382 51.54587878539437),-0.152235190578382,51.54587878539437,2
481,481,POINT (-0.1514395528131418 51.54344728240306),-0.15143955281314184,51.54344728240306,5
482,482,POINT (-0.1504331679934026 51.54319950527849),-0.15043316799340256,51.543199505278494,1
483,483,POINT (-0.1510805189956192 51.53807312812707),-0.1510805189956192,51.538073128127074,2
484,484,POINT (-0.15269097555064 51.53818950246578),-0.15269097555063998,51.538189502465784,2
485,485,POINT (-0.1550638088863686 51.53850587891769),-0.15506380888636856,51.53850587891769,1
486,486,POINT (-0.1559849612452417 51.53885542066185),-0.15598496124524175,51.53885542066185,1
487,487,POINT (-0.1524964751805493 51.53871591546899),-0.15249647518054935,51.53871591546899,1
488,488,POINT (-0.1505966241336773 51.54161158665702),-0.15059662413367733,51.54161158665702,1
489,489,POINT (-0.1595731381115841 51.54380896309723),-0.15957313811158413,51.54380896309723,5
490,490,POINT (-0.1578820971630691 51.5453291231532),-0.15788209716306914,51.5453291231532,1
491,491,POINT (-0.157436274518583 51.54565484254705),-0.15743627451858297,51.54565484254705,1
492,492,POINT (-0.1567086043820224 51.5461739660847),-0.15670860438202242,51.5461739660847,1
493,493,POINT (-0.159490814748575 51.54727875355387),-0.15949081474857502,51.54727875355387,2
494,494,POINT (-0.1554851573447641 51.54853818431876),-0.15548515734476415,51.54853818431876,1
495,495,POINT (-0.1554352253692496 51.55378430647551),-0.15543522536924959,51.553784306475514,1
496,496,POINT (-0.1550981125672798 51.55068983457947),-0.15509811256727976,51.55068983457947,1
497,497,POINT (-0.1546842240707864 51.55058458861178),-0.15468422407078636,51.55058458861178,1
498,498,POINT (-0.1622390573710229 51.54237707293684),-0.16223905737102287,51.54237707293684,3
499,499,POINT (-0.1616303120508668 51.54143124231805),-0.16163031205086684,51.541431242318055,1
500,500,POINT (-0.158484189703393 51.54148980926642),-0.158484189703393,51.541489809266416,1
501,501,POINT (-0.1575372064958474 51.54027130138228),-0.15753720649584738,51.54027130138228,1
502,502,POINT (-0.150834816822979 51.53657147107761),-0.15083481682297897,51.53657147107761,1
503,503,POINT (-0.1526902130997113 51.53751388704345),-0.15269021309971126,51.537513887043445,3
504,504,POINT (-0.1628727761707582 51.54549280675906),-0.16287277617075818,51.545492806759064,1
505,505,POINT (-0.1627145805151731 51.54458658952002),-0.16271458051517312,51.54458658952002,3
506,506,POINT (-0.1625810865322729 51.54360432304427),-0.16258108653227293,51.54360432304427,7
507,507,POINT (-0.1620678885519606 51.54596129562543),-0.1620678885519606,51.54596129562543,2
508,508,POINT (-0.159972176807811 51.54750212249053),-0.15997217680781103,51.54750212249053,1
509,509,POINT (-0.1626529833482779 51.54921250230902),-0.16265298334827785,51.54921250230902,3
510,510,POINT (-0.1613798197899754 51.55344849442465),-0.1613798197899754,51.55344849442465,1
511,511,POINT (-0.1594855321288352 51.55290973280367),-0.15948553212883523,51.55290973280367,1
512,512,POINT (-0.1609051003268027 51.55226475469312),-0.16090510032680275,51.55226475469312,1
513,513,POINT (-0.1606843236986046 51.54795760553998),-0.16068432369860464,51.547957605539985,1
514,514,POINT (-0.1659351268393124 51.53648407497531),-0.16593512683931236,51.53648407497531,5
515,515,POINT (-0.1652367762850349 51.53601489976712),-0.16523677628503494,51.53601489976712,3
516,516,POINT (-0.166991540295744 51.53720775201385),-0.16699154029574403,51.53720775201385,2
517,517,POINT (-0.166234474126154 51.54205183845513),-0.166234474126154,51.54205183845513,2
518,518,POINT (-0.1631952850584275 51.54231902956125),-0.16319528505842745,51.54231902956125,1
519,519,POINT (-0.1647120197805093 51.54333193495556),-0.16471201978050934,51.54333193495556,4
520,520,POINT (-0.1687442659585612 51.54994143215392),-0.1687442659585612,51.54994143215392,1
521,521,POINT (-0.1648495053690869 51.55043145273553),-0.16484950536908693,51.55043145273553,2
522,522,POINT (-0.166494864538515 51.54310802332618),-0.16649486453851503,51.54310802332618,2
523,523,POINT (-0.1697599765192164 51.54368056743449),-0.16975997651921637,51.543680567434485,1
524,524,POINT (-0.1677602434080817 51.5505600349579),-0.1677602434080817,51.550560034957904,2
525,525,POINT (-0.1670045967123623 51.55195554615212),-0.16700459671236234,51.551955546152115,1
526,526,POINT (-0.1662892991158575 51.55144978559937),-0.16628929911585752,51.551449785599374,2
527,527,POINT (-0.167593061165752 51.55238738204561),-0.16759306116575204,51.55238738204561,3
528,528,POINT (-0.1691470721501418 51.55319025069338),-0.16914707215014177,51.553190250693376,5
529,529,POINT (-0.1643670115797546 51.55390406339711),-0.16436701157975464,51.55390406339711,3
530,530,POINT (-0.1672487684348027 51.55377582967008),-0.16724876843480269,51.55377582967008,1
531,531,POINT (-0.1681094073762463 51.5535374824909),-0.16810940737624627,51.553537482490896,1
532,532,POINT (-0.1722719801055744 51.54067758983803),-0.1722719801055744,51.54067758983803,2
533,533,POINT (-0.1658937673800421 51.54084152567144),-0.16589376738004208,51.54084152567144,1
534,534,POINT (-0.1727289730395465 51.54117074957556),-0.17272897303954646,51.541170749575556,3
535,535,POINT (-0.1729228239643685 51.54138590018363),-0.1729228239643685,51.541385900183634,1
536,536,POINT (-0.1733234026922029 51.54184769453873),-0.17332340269220295,51.54184769453873,4
537,537,POINT (-0.1672720039260074 51.54300830032702),-0.16727200392600736,51.54300830032702,1
538,538,POINT (-0.168058593909112 51.53792583025248),-0.16805859390911201,51.53792583025248,4
539,539,POINT (-0.1694737082677706 51.53859537538954),-0.16947370826777064,51.53859537538954,3
540,540,POINT (-0.1683385330559295 51.53806104138979),-0.16833853305592952,51.53806104138979,1
541,541,POINT (-0.1705651297466479 51.53907074491575),-0.17056512974664795,51.53907074491575,2
542,542,POINT (-0.1707198938360644 51.53916335237601),-0.17071989383606437,51.53916335237601,5
543,543,POINT (-0.171336004792848 51.55149258277786),-0.171336004792848,51.55149258277786,2
544,544,POINT (-0.172685478828007 51.5469724358274),-0.17268547882800703,51.5469724358274,1
545,545,POINT (-0.178304278868707 51.54569701372076),-0.17830427886870698,51.54569701372076,4
546,546,POINT (-0.1776842632588264 51.54543721576721),-0.1776842632588264,51.54543721576721,1
547,547,POINT (-0.1758268817022769 51.54639886613891),-0.17582688170227692,51.54639886613891,1
548,548,POINT (-0.1759010853863799 51.5500247735964),-0.17590108538637986,51.5500247735964,1
549,549,POINT (-0.1759153306263282 51.55168076830154),-0.17591533062632822,51.551680768301544,2
550,550,POINT (-0.1759017781884251 51.54949540085208),-0.17590177818842506,51.54949540085208,3
551,551,POINT (-0.1757835902569986 51.54595954272892),-0.1757835902569986,51.54595954272892,2
552,552,POINT (-0.175138337102007 51.54369573693231),-0.17513833710200702,51.543695736932314,4
553,553,POINT (-0.1749078067424429 51.54386336666968),-0.17490780674244294,51.54386336666968,2
554,554,POINT (-0.1749691664014006 51.54349041615712),-0.1749691664014006,51.54349041615712,5
555,555,POINT (-0.1723697274234534 51.54333457737454),-0.17236972742345338,51.543334577374544,1
556,556,POINT (-0.1753431041628798 51.5440495364598),-0.17534310416287985,51.544049536459795,4
557,557,POINT (-0.1736903690170954 51.54411815065718),-0.17369036901709545,51.544118150657184,1
558,558,POINT (-0.1783975664181638 51.54442648446006),-0.17839756641816384,51.54442648446006,1
559,559,POINT (-0.173086063253435 51.54417303777417),-0.17308606325343504,51.54417303777417,1
560,560,POINT (-0.1710272009044808 51.54444670153691),-0.17102720090448081,51.544446701536906,1
561,561,POINT (-0.1779725123601543 51.54507381280385),-0.17797251236015432,51.54507381280385,1
562,562,POINT (-0.1739372073281438 51.53948324840114),-0.17393720732814383,51.53948324840114,1
563,563,POINT (-0.1757753766073613 51.53962344188587),-0.17577537660736128,51.53962344188587,5
564,564,POINT (-0.1767569740838912 51.54109178773627),-0.17675697408389118,51.54109178773627,1
565,565,POINT (-0.1789925397374026 51.54072185055072),-0.17899253973740256,51.540721850550725,1
566,566,POINT (-0.1759334124382202 51.55231051830069),-0.17593341243822022,51.552310518300686,2
567,567,POINT (-0.1710725589679321 51.5530261798374),-0.17107255896793208,51.553026179837396,1
568,568,POINT (-0.1773679997806421 51.55431114267908),-0.1773679997806421,51.55431114267908,6
569,569,POINT (-0.1735737851061038 51.54135700917602),-0.17357378510610383,51.541357009176025,1
570,570,POINT (-0.1756423121249751 51.54163468756305),-0.17564231212497508,51.54163468756305,1
571,571,POINT (-0.1753970228803332 51.54142890298903),-0.17539702288033315,51.54142890298903,1
572,572,POINT (-0.1766163345936402 51.54161224178871),-0.17661633459364023,51.54161224178871,3
573,573,POINT (-0.1752038308217252 51.54206579932424),-0.17520383082172525,51.54206579932424,3
574,574,POINT (-0.1753195104176183 51.54176239559589),-0.1753195104176183,51.54176239559589,5
575,575,POINT (-0.1738155704514668 51.54180140214783),-0.17381557045146676,51.541801402147826,4
576,576,POINT (-0.1764592900865397 51.54348813861619),-0.17645929008653974,51.54348813861619,1
577,577,POINT (-0.1747195348003679 51.54327044460523),-0.17471953480036795,51.543270444605234,2
578,578,POINT (-0.1488149408237192 51.57044615455607),-0.1488149408237192,51.570446154556066,1
579,579,POINT (-0.1462140434069827 51.57042519278843),-0.14621404340698269,51.570425192788434,3
580,580,POINT (-0.1448354460789277 51.57014734652091),-0.1448354460789277,51.57014734652091,2
581,581,POINT (-0.1515804230312175 51.5690812672731),-0.15158042303121755,51.5690812672731,1
582,582,POINT (-0.1512231902043115 51.56977372079665),-0.15122319020431155,51.569773720796654,2
583,583,POINT (-0.1753433603091396 51.56828749575939),-0.17534336030913958,51.568287495759385,1
584,584,POINT (-0.1537879348995446 51.56701745983174),-0.15378793489954456,51.56701745983174,1
585,585,POINT (-0.1829441379762615 51.56749954664282),-0.18294413797626152,51.56749954664282,1
586,586,POINT (-0.1771074927362749 51.56597878117329),-0.17710749273627485,51.565978781173285,1
587,587,POINT (-0.1747900019486385 51.56898263439516),-0.17479000194863847,51.568982634395155,1
588,588,POINT (-0.1414402960262457 51.56303672030703),-0.14144029602624575,51.563036720307025,1
589,589,POINT (-0.1494101164702161 51.56467341547315),-0.1494101164702161,51.56467341547315,1
590,590,POINT (-0.146707237595038 51.56337181609184),-0.14670723759503804,51.563371816091845,2
591,591,POINT (-0.1439335420977313 51.56394422530242),-0.1439335420977313,51.56394422530242,1
592,592,POINT (-0.1539387120465352 51.56299932121064),-0.1539387120465352,51.56299932121064,1
593,593,POINT (-0.1524964008971101 51.56322993708784),-0.15249640089711006,51.56322993708784,2
594,594,POINT (-0.1525800016691593 51.56335651783202),-0.15258000166915928,51.56335651783202,1
595,595,POINT (-0.1792527602047798 51.56099388334019),-0.17925276020477976,51.56099388334019,1
596,596,POINT (-0.1834669729227155 51.5611912990408),-0.1834669729227155,51.5611912990408,2
597,597,POINT (-0.1754493076243449 51.56085081326997),-0.17544930762434485,51.560850813269965,1
598,598,POINT (-0.1789784453358155 51.56101696327737),-0.17897844533581553,51.561016963277375,2
599,599,POINT (-0.1793277444207051 51.56111761322957),-0.17932774442070515,51.56111761322957,1
600,600,POINT (-0.1802885916710416 51.56137054711407),-0.1802885916710416,51.56137054711407,4
601,601,POINT (-0.1797298171082838 51.56260642746444),-0.17972981710828384,51.56260642746444,4
602,602,POINT (-0.1456368548587765 51.56237472983879),-0.14563685485877648,51.562374729838794,1
603,603,POINT (-0.1724061377085799 51.56006104023637),-0.17240613770857993,51.56006104023637,2
604,604,POINT (-0.147383296053947 51.56235735518207),-0.14738329605394704,51.56235735518207,1
605,605,POINT (-0.1492141879659392 51.55919393580778),-0.14921418796593922,51.559193935807784,1
606,606,POINT (-0.1487418810468233 51.55874585553812),-0.14874188104682334,51.55874585553812,2
607,607,POINT (-0.1484360179645186 51.5584622638001),-0.14843601796451858,51.5584622638001,1
608,608,POINT (-0.1455224179365544 51.56065896329616),-0.14552241793655438,51.56065896329616,1
609,609,POINT (-0.1429347901169519 51.55787174587886),-0.1429347901169519,51.55787174587886,1
610,610,POINT (-0.1433083075257055 51.55826433210922),-0.14330830752570548,51.55826433210922,2
611,611,POINT (-0.1785963899683242 51.55785452129351),-0.17859638996832422,51.557854521293514,1
612,612,POINT (-0.1798190498054575 51.55789300814781),-0.1798190498054575,51.557893008147815,1
613,613,POINT (-0.1788639564516928 51.55838994554402),-0.17886395645169278,51.55838994554402,1
614,614,POINT (-0.1785904423663814 51.55873640364466),-0.17859044236638136,51.55873640364466,2
615,615,POINT (-0.1762220165686545 51.5586186824364),-0.17622201656865447,51.5586186824364,1
616,616,POINT (-0.1784618718439115 51.55942682253711),-0.17846187184391152,51.559426822537105,1
617,617,POINT (-0.1696870566631251 51.55735690328753),-0.16968705666312506,51.55735690328753,1
618,618,POINT (-0.1703148700353955 51.55896734415077),-0.1703148700353955,51.558967344150766,1
619,619,POINT (-0.1746793865078524 51.55776532491931),-0.17467938650785242,51.55776532491931,2
620,620,POINT (-0.1504409440294841 51.56085997381562),-0.15044094402948407,51.560859973815624,2
621,621,POINT (-0.1507255267767293 51.56145544177935),-0.15072552677672926,51.56145544177935,2
622,622,POINT (-0.1500186349373718 51.5618560619405),-0.1500186349373718,51.561856061940496,1
623,623,POINT (-0.1489394865089489 51.55565557512454),-0.14893948650894895,51.55565557512454,2
624,624,POINT (-0.1465501629177115 51.55663948661054),-0.14655016291771153,51.55663948661054,2
625,625,POINT (-0.1470461773287519 51.55716339706768),-0.14704617732875186,51.557163397067676,1
626,626,POINT (-0.1466593156106 51.55674363471018),-0.14665931561059997,51.55674363471018,5
627,627,POINT (-0.1461326820388313 51.55621375334952),-0.1461326820388313,51.556213753349525,1
628,628,POINT (-0.1459714862061132 51.55605563704507),-0.14597148620611322,51.55605563704507,2
629,629,POINT (-0.1762332410991759 51.55563337839062),-0.1762332410991759,51.555633378390624,3
630,630,POINT (-0.1753384638212358 51.55547405953949),-0.17533846382123583,51.55547405953949,1
631,631,POINT (-0.1756926091957956 51.55544512553816),-0.17569260919579563,51.55544512553816,1
632,632,POINT (-0.174257712408168 51.55957729840627),-0.17425771240816795,51.559577298406275,1
633,633,POINT (-0.141902234067921 51.55502421707953),-0.14190223406792102,51.55502421707953,1
634,634,POINT (-0.140169742331258 51.5544871652484),-0.140169742331258,51.554487165248396,2
635,635,POINT (-0.1398612197858748 51.55679531195901),-0.13986121978587485,51.55679531195901,1
636,636,POINT (-0.1395460338658611 51.55536312312082),-0.13954603386586115,51.55536312312082,2
637,637,POINT (-0.1780104541510164 51.55485706839499),-0.17801045415101635,51.554857068394995,1
638,638,POINT (-0.176831902763463 51.55581353802979),-0.17683190276346297,51.55581353802979,1
639,639,POINT (-0.1771588108750222 51.5559355185503),-0.17715881087502225,51.5559355185503,2
640,640,POINT (-0.178703473138044 51.55625733437108),-0.17870347313804405,51.55625733437108,2
641,641,POINT (-0.1773292942293082 51.55600111386271),-0.17732929422930815,51.55600111386271,2
642,642,POINT (-0.1778119140569565 51.55619745055589),-0.17781191405695645,51.55619745055589,1
643,643,POINT (-0.1828371405418587 51.55606856047343),-0.18283714054185873,51.55606856047343,1
644,644,POINT (-0.1826679070720874 51.55452374269573),-0.18266790707208744,51.55452374269573,2
645,645,POINT (-0.1811933535957532 51.55863964630989),-0.18119335359575317,51.55863964630989,1
646,646,POINT (-0.1817075548314155 51.55907250658148),-0.18170755483141554,51.55907250658148,1
647,647,POINT (-0.1655615937011435 51.554447544482),-0.16556159370114354,51.554447544482,1
648,648,POINT (-0.1650254396284756 51.55418170748926),-0.1650254396284756,51.55418170748926,3
649,649,POINT (-0.1655058635010341 51.55407231863239),-0.16550586350103413,51.554072318632386,2
650,650,POINT (-0.1648447345772065 51.55409471213463),-0.1648447345772065,51.554094712134635,1
651,651,POINT (-0.1648632233462863 51.55441666025384),-0.16486322334628625,51.554416660253835,2
652,652,POINT (-0.1647971765553165 51.55421905285915),-0.16479717655531653,51.554219052859146,1
653,653,POINT (-0.1629238788219502 51.55466305297821),-0.16292387882195022,51.55466305297821,1
654,654,POINT (-0.1610260689074219 51.5544191682156),-0.16102606890742188,51.5544191682156,2
655,655,POINT (-0.1877935325169517 51.55803361947348),-0.18779353251695174,51.55803361947348,1
656,656,POINT (-0.172689491751718 51.55479140563346),-0.17268949175171805,51.55479140563346,1
657,657,POINT (-0.170316037237755 51.55570311695115),-0.17031603723775496,51.55570311695115,1
658,658,POINT (-0.1662809435655835 51.55524445695894),-0.16628094356558348,51.55524445695894,3
659,659,POINT (-0.154429105106483 51.55403349158598),-0.154429105106483,51.55403349158598,2
660,660,POINT (-0.1505792187967191 51.55435055227228),-0.1505792187967191,51.55435055227228,1
661,661,POINT (-0.1524445346055598 51.5545957583853),-0.1524445346055598,51.5545957583853,3
662,662,POINT (-0.1496703686377736 51.55544364157844),-0.14967036863777358,51.55544364157844,2
663,663,POINT (-0.1859037253376282 51.56238371040567),-0.1859037253376282,51.56238371040567,2
664,664,POINT (-0.190042099691085 51.56270363138891),-0.19004209969108496,51.56270363138891,3
665,665,POINT (-0.1910475786089602 51.55421359784672),-0.19104757860896016,51.55421359784672,8
666,666,POINT (-0.1925855112860784 51.5550591134735),-0.19258551128607843,51.555059113473504,8
667,667,POINT (-0.1921619287023517 51.55482777794175),-0.1921619287023517,51.554827777941746,3
668,668,POINT (-0.1935736500324698 51.55560488183211),-0.19357365003246976,51.55560488183211,11
669,669,POINT (-0.196717682498168 51.55525757977282),-0.19671768249816796,51.55525757977282,1
670,670,POINT (-0.1945146188517023 51.55621313232722),-0.19451461885170235,51.556213132327215,6
671,671,POINT (-0.196459291645237 51.55595501425526),-0.19645929164523698,51.55595501425526,1
672,672,POINT (-0.1904783214927825 51.5561776607442),-0.1904783214927825,51.556177660744204,1
673,673,POINT (-0.1963087397462048 51.55647156054635),-0.19630873974620483,51.55647156054635,1
674,674,POINT (-0.194259532857898 51.55773305643136),-0.19425953285789802,51.55773305643136,1
675,675,POINT (-0.1957826661540595 51.55774308848142),-0.19578266615405948,51.55774308848142,5
676,676,POINT (-0.1959245122257969 51.55743952852355),-0.19592451222579688,51.557439528523545,2
677,677,POINT (-0.1940380017171014 51.55954170202359),-0.19403800171710137,51.55954170202359,1
678,678,POINT (-0.1921999168462859 51.56150970585813),-0.19219991684628593,51.56150970585813,1
679,679,POINT (-0.1967869357858669 51.55915270518643),-0.19678693578586692,51.55915270518643,3
680,680,POINT (-0.1965876947981632 51.55416750324949),-0.1965876947981632,51.55416750324949,4
681,681,POINT (-0.2077823554378542 51.55450988919975),-0.20778235543785423,51.55450988919975,1
682,682,POINT (-0.1813099261576776 51.54227751754713),-0.1813099261576776,51.542277517547134,1
683,683,POINT (-0.1797378760879088 51.54589506667319),-0.17973787608790878,51.54589506667319,1
684,684,POINT (-0.1805308749519693 51.54192372598524),-0.18053087495196932,51.541923725985235,1
685,685,POINT (-0.1793272670553786 51.54281328788056),-0.1793272670553786,51.542813287880556,2
686,686,POINT (-0.1789902161645696 51.54626735056939),-0.17899021616456956,51.54626735056939,3
687,687,POINT (-0.1816859922508604 51.54949571291068),-0.1816859922508604,51.54949571291068,5
688,688,POINT (-0.1813680393998018 51.5531971853937),-0.18136803939980184,51.5531971853937,1
689,689,POINT (-0.1785884108523891 51.55264851426998),-0.1785884108523891,51.552648514269976,2
690,690,POINT (-0.1856080374739166 51.55386334221483),-0.18560803747391658,51.553863342214825,1
691,691,POINT (-0.1854715678065365 51.55195331413183),-0.18547156780653654,51.55195331413183,2
692,692,POINT (-0.1822365038741633 51.54990899177303),-0.1822365038741633,51.54990899177303,6
693,693,POINT (-0.1821444025516026 51.55137278766296),-0.18214440255160264,51.551372787662956,1
694,694,POINT (-0.1829810362474154 51.55037625984905),-0.18298103624741538,51.55037625984905,5
695,695,POINT (-0.187329750141517 51.53986746461653),-0.187329750141517,51.53986746461653,6
696,696,POINT (-0.1799425448106856 51.54165867585274),-0.17994254481068564,51.54165867585274,3
697,697,POINT (-0.1794811855198742 51.54172093897098),-0.17948118551987421,51.541720938970975,2
698,698,POINT (-0.1795838302872777 51.54690000700669),-0.17958383028727773,51.54690000700669,3
699,699,POINT (-0.1806282780056495 51.54645984325471),-0.1806282780056495,51.54645984325471,1
700,700,POINT (-0.1910510633832396 51.54792248078202),-0.1910510633832396,51.54792248078202,8
701,701,POINT (-0.1797015407007763 51.54704400346224),-0.17970154070077626,51.54704400346224,2
702,702,POINT (-0.1808839391618236 51.5483124679759),-0.1808839391618236,51.548312467975904,4
703,703,POINT (-0.1910834119534221 51.54856143999444),-0.19108341195342213,51.54856143999444,3
704,704,POINT (-0.1810877200484436 51.54858049891146),-0.1810877200484436,51.54858049891146,4
705,705,POINT (-0.1910967110703864 51.53695244579939),-0.19109671107038637,51.53695244579939,1
706,706,POINT (-0.1895465900642221 51.53895182749749),-0.1895465900642221,51.53895182749749,1
707,707,POINT (-0.1897735633805768 51.54103779316738),-0.18977356338057677,51.54103779316738,1
708,708,POINT (-0.1888786621541198 51.54060430538877),-0.18887866215411983,51.54060430538877,1
709,709,POINT (-0.1861711074749866 51.53884744144893),-0.18617110747498655,51.53884744144893,1
710,710,POINT (-0.190845409146127 51.55237953936325),-0.19084540914612697,51.55237953936325,1
711,711,POINT (-0.1914613896290369 51.55013032579966),-0.19146138962903694,51.550130325799664,4
712,712,POINT (-0.1912504816844975 51.54907658254092),-0.1912504816844975,51.54907658254092,1
713,713,POINT (-0.1887604353168032 51.55294086973856),-0.18876043531680323,51.552940869738556,6
714,714,POINT (-0.1888098581571263 51.55024391307671),-0.18880985815712628,51.55024391307671,1
715,715,POINT (-0.1890674772630917 51.54920477118613),-0.18906747726309167,51.549204771186126,1
716,716,POINT (-0.1882031777390998 51.55272040500885),-0.18820317773909984,51.55272040500885,6
717,717,POINT (-0.1929540805664483 51.5430284663074),-0.19295408056644833,51.5430284663074,1
718,718,POINT (-0.1913204173160752 51.54585838090998),-0.19132041731607516,51.545858380909976,2
719,719,POINT (-0.1912488099633416 51.54606751936798),-0.19124880996334162,51.54606751936798,3
720,720,POINT (-0.1897975232470363 51.54643738477233),-0.18979752324703633,51.546437384772325,1
721,721,POINT (-0.1887864295819354 51.54647573446408),-0.18878642958193542,51.54647573446408,1
722,722,POINT (-0.1888979691506748 51.54511960293918),-0.18889796915067478,51.54511960293918,1
723,723,POINT (-0.1856983451010862 51.54651794453274),-0.18569834510108615,51.54651794453274,1
724,724,POINT (-0.1815950513826231 51.54597782070311),-0.18159505138262313,51.54597782070311,1
725,725,POINT (-0.1898790562058765 51.53529704378813),-0.1898790562058765,51.53529704378813,5
726,726,POINT (-0.1922917254812122 51.53699784328006),-0.19229172548121215,51.53699784328006,2
727,727,POINT (-0.1921377920549897 51.53688517922412),-0.19213779205498974,51.53688517922412,3
728,728,POINT (-0.1937546855387707 51.54047346292211),-0.19375468553877073,51.54047346292211,2
729,729,POINT (-0.1921992617125657 51.5411509129321),-0.1921992617125657,51.5411509129321,2
730,730,POINT (-0.1925519953841053 51.53914537507879),-0.1925519953841053,51.53914537507879,1
731,731,POINT (-0.1952444462240905 51.55202464550254),-0.19524444622409046,51.55202464550254,1
732,732,POINT (-0.1921344994161293 51.55166670913937),-0.1921344994161293,51.55166670913937,3
733,733,POINT (-0.1914840463714579 51.55082470825925),-0.19148404637145788,51.55082470825925,3
734,734,POINT (-0.1925662626393344 51.55008602357159),-0.1925662626393344,51.550086023571595,1
735,735,POINT (-0.1926229798386518 51.55193033831336),-0.19262297983865181,51.55193033831336,4
736,736,POINT (-0.19217075919743 51.55205825716123),-0.19217075919742996,51.55205825716123,1
737,737,POINT (-0.1963936773214127 51.54412001733277),-0.19639367732141266,51.54412001733277,1
738,738,POINT (-0.1955154980554361 51.5426227671502),-0.1955154980554361,51.5426227671502,1
739,739,POINT (-0.1941340381499222 51.5425475564502),-0.1941340381499222,51.5425475564502,1
740,740,POINT (-0.1931982992806596 51.54250617193291),-0.19319829928065962,51.54250617193291,4
741,741,POINT (-0.192719732993052 51.54348346918323),-0.192719732993052,51.54348346918323,1
742,742,POINT (-0.1923015693768209 51.54465008603047),-0.19230156937682089,51.54465008603047,1
743,743,POINT (-0.1967947078765792 51.54090690173942),-0.1967947078765792,51.54090690173942,7
744,744,POINT (-0.1973952444211615 51.54140172037675),-0.19739524442116152,51.54140172037675,7
745,745,POINT (-0.1949145508407531 51.53995177025845),-0.1949145508407531,51.539951770258455,3
746,746,POINT (-0.19297161199213 51.55223245724966),-0.19297161199212998,51.55223245724966,1
747,747,POINT (-0.1913950789375233 51.55440986342243),-0.19139507893752333,51.55440986342243,2
748,748,POINT (-0.1965456289927187 51.55304280827492),-0.19654562899271866,51.55304280827492,1
749,749,POINT (-0.1948897826721719 51.55333207850872),-0.19488978267217194,51.55333207850872,3
750,750,POINT (-0.195583000336865 51.55367545991707),-0.19558300033686504,51.553675459917066,2
751,751,POINT (-0.1991143102033367 51.55155355720873),-0.1991143102033367,51.55155355720873,1
752,752,POINT (-0.1983003071945947 51.55171191554627),-0.19830030719459468,51.55171191554627,1
753,753,POINT (-0.1954466177740596 51.55201876274911),-0.19544661777405964,51.552018762749114,2
754,754,POINT (-0.1979539772763962 51.54185992411278),-0.19795397727639621,51.54185992411278,7
755,755,POINT (-0.205910464409966 51.55075843696726),-0.20591046440996605,51.550758436967264,3
756,756,POINT (-0.2006969264256994 51.55129008190843),-0.20069692642569945,51.55129008190843,1
757,757,POINT (-0.20535483541121 51.55278221727436),-0.20535483541121,51.55278221727436,1
758,758,POINT (-0.2086834052312079 51.55323773969249),-0.20868340523120793,51.55323773969249,1
759,759,POINT (-0.2102443715829441 51.5546284014412),-0.21024437158294407,51.5546284014412,1
760,760,POINT (-0.2114573510086173 51.55569900477942),-0.21145735100861734,51.55569900477942,1
761,761,POINT (-0.1186394507282151 51.5201479377024),-0.11863945072821512,51.5201479377024,4
762,762,POINT (-0.1219151711417789 51.52383880544506),-0.12191517114177888,51.52383880544506,1
763,763,POINT (-0.127699198531134 51.54631708979829),-0.12769919853113404,51.546317089798286,2
764,764,POINT (-0.1326180973462266 51.53545730737806),-0.13261809734622662,51.53545730737806,4
765,765,POINT (-0.1328857745728998 51.55069900077612),-0.13288577457289982,51.55069900077612,2
766,766,POINT (-0.1295121826141674 51.52074438669167),-0.1295121826141674,51.52074438669167,2
767,767,POINT (-0.1346197578620077 51.52732730146423),-0.1346197578620077,51.52732730146423,1
768,768,POINT (-0.1749696740587434 51.54465638184062),-0.17496967405874336,51.54465638184062,3
769,769,POINT (-0.1978084471055529 51.55430316124275),-0.19780844710555293,51.55430316124275,1
770,770,POINT (-0.1139722893308011 51.52142411198759),-0.11397228933080107,51.521424111987585,3
771,771,POINT (-0.1123525611831745 51.52196674402457),-0.11235256118317445,51.521966744024574,1
772,772,POINT (-0.1274307923257853 51.51561242066449),-0.12743079232578527,51.51561242066449,2
773,773,POINT (-0.1275902356198448 51.51681699590529),-0.12759023561984484,51.51681699590529,3
774,774,POINT (-0.132612758909893 51.54325702942789),-0.13261275890989296,51.54325702942789,1
775,775,POINT (-0.1388673950263299 51.54164128698822),-0.1388673950263299,51.54164128698822,2
776,776,POINT (-0.1400303575223944 51.53529467909517),-0.14003035752239443,51.53529467909517,1
777,777,POINT (-0.1390935855354243 51.53251508475582),-0.13909358553542425,51.53251508475582,1
778,778,POINT (-0.1407515347032491 51.5512141412747),-0.14075153470324908,51.5512141412747,1
779,779,POINT (-0.1456464911410813 51.54188082576429),-0.1456464911410813,51.54188082576429,2
780,780,POINT (-0.1362418592536739 51.52568848516368),-0.13624185925367388,51.52568848516368,3
781,781,POINT (-0.1597373884683022 51.54739808435104),-0.1597373884683022,51.54739808435104,1
782,782,POINT (-0.1634772387673866 51.54964328582835),-0.1634772387673866,51.54964328582835,1
783,783,POINT (-0.1629341623765246 51.54427664161444),-0.16293416237652458,51.54427664161444,1
784,784,POINT (-0.1658161607732437 51.55246177111496),-0.16581616077324365,51.552461771114956,2
785,785,POINT (-0.1539001666201674 51.56738144014336),-0.15390016662016742,51.56738144014336,1
786,786,POINT (-0.1459393662673629 51.55548330012711),-0.14593936626736292,51.555483300127115,1
787,787,POINT (-0.1959240019150032 51.5457853823497),-0.1959240019150032,51.5457853823497,1
788,788,POINT (-0.1267040852160799 51.54589825168528),-0.1267040852160799,51.54589825168528,2
